id,first_name,last_name,email,gender,ip_address
1,Parker,Diggle,pdiggle0@blogspot.com,Male,6.100.128.77
2,Daron,Trunby,dtrunby1@unc.edu,Male,139.70.15.200
3,Judah,Poutress,jpoutress2@shinystat.com,Male,44.201.40.165
4,Blane,Sansun,bsansun3@flavors.me,Male,223.96.219.76
5,Mariann,Heymes,mheymes4@elpais.com,Female,208.29.199.36
6,Cathrine,Jurczik,cjurczik5@virginia.edu,Female,2.227.82.196
7,Kin,Treat,ktreat6@auda.org.au,Male,144.237.74.169
8,Archaimbaud,See,asee7@army.mil,Male,165.176.27.131
9,Dido,Packington,dpackington8@tamu.edu,Female,30.21.151.95
10,Patricia,Carvill,pcarvill9@zimbio.com,Female,113.92.234.58
11,Heall,Teaser,hteasera@livejournal.com,Male,6.36.181.109
12,Garvey,Hollyard,ghollyardb@paypal.com,Male,18.236.207.134
13,Deloria,Streak,dstreakc@github.io,Female,120.224.174.72
14,Kristofer,Kirman,kkirmand@ovh.net,Male,145.249.24.180
15,Ogdan,Keeble,okeeblee@ebay.co.uk,Male,189.208.46.77
16,Rasia,Esmead,resmeadf@odnoklassniki.ru,Female,71.74.74.226
17,Martynne,Pods,mpodsg@friendfeed.com,Female,30.38.228.54
18,Andris,Winborn,awinbornh@alibaba.com,Male,60.46.203.35
19,Jethro,Castles,jcastlesi@berkeley.edu,Male,215.89.191.55
20,Edvard,Delph,edelphj@usgs.gov,Male,89.146.122.228
21,Davida,Northwood,dnorthwoodk@istockphoto.com,Female,179.52.118.225
22,Samuele,Burdass,sburdassl@mediafire.com,Male,69.23.217.219
23,Dulci,Edwardes,dedwardesm@seattletimes.com,Female,182.218.255.188
24,Verla,Jersh,vjershn@globo.com,Female,217.199.4.74
25,Lidia,Heintze,lheintzeo@hibu.com,Female,175.81.70.211
26,Hastings,Bestwick,hbestwickp@usatoday.com,Male,247.33.228.1
27,Iain,Kornacki,ikornackiq@ted.com,Male,148.250.178.199
28,Juana,Sawell,jsawellr@cdc.gov,Female,84.86.159.1
29,Ciel,Drabble,cdrabbles@hp.com,Female,38.68.226.98
30,Mickie,Rettie,mrettiet@tumblr.com,Male,154.154.215.97
31,Jack,Payler,jpayleru@hexun.com,Male,201.37.238.0
32,Cosimo,Clarage,cclaragev@symantec.com,Male,39.23.50.104
33,Dacie,Pedlar,dpedlarw@cnet.com,Female,18.225.129.217
34,Reeba,Cardew,rcardewx@purevolume.com,Female,96.192.228.62
35,Anny,Pumphreys,apumphreysy@senate.gov,Female,167.199.184.41
36,Leia,Uden,ludenz@miibeian.gov.cn,Genderqueer,179.32.207.233
37,Emlen,Penswick,epenswick10@bbc.co.uk,Male,227.42.150.71
38,Gare,Osgood,gosgood11@state.tx.us,Male,16.138.146.220
39,Trista,Peckett,tpeckett12@opera.com,Female,191.182.73.59
40,Charmane,Ferenc,cferenc13@marketwatch.com,Female,50.152.96.1
41,Torrey,Knee,tknee14@vistaprint.com,Male,198.103.57.75
42,Elfrieda,Highman,ehighman15@hao123.com,Female,191.54.95.118
43,Melicent,Muncaster,mmuncaster16@bigcartel.com,Female,38.87.0.138
44,Arch,Daft,adaft17@delicious.com,Male,137.112.4.76
45,Ileana,Wohler,iwohler18@reuters.com,Female,231.18.159.104
46,Felita,Pomfrey,fpomfrey19@google.pl,Female,20.60.122.231
47,Wilbur,Badam,wbadam1a@census.gov,Male,70.46.210.117
48,Bartholomew,Ridgwell,bridgwell1b@washingtonpost.com,Male,132.191.176.222
49,Herta,Eloi,heloi1c@newyorker.com,Female,86.97.141.185
50,Yolanda,Peyto,ypeyto1d@amazon.co.uk,Non-binary,131.9.253.237
51,Verne,Pilgram,vpilgram1e@twitpic.com,Male,58.45.104.230
52,Prudence,Steinham,psteinham1f@booking.com,Female,166.142.11.233
53,Curt,Cantua,ccantua1g@mashable.com,Male,8.190.103.229
54,Marta,Piccard,mpiccard1h@live.com,Female,207.26.182.187
55,Izak,Tipperton,itipperton1i@answers.com,Male,40.234.192.223
56,Mureil,Spata,mspata1j@mail.ru,Female,141.159.61.78
57,Melinde,Limer,mlimer1k@who.int,Female,49.211.84.236
58,Brietta,Gelletly,bgelletly1l@mashable.com,Female,85.116.140.55
59,Hasheem,Yusupov,hyusupov1m@netscape.com,Male,13.232.74.152
60,Sibby,Petrishchev,spetrishchev1n@tiny.cc,Female,62.89.98.244
61,Rennie,Milsom,rmilsom1o@1688.com,Genderfluid,241.52.10.158
62,Devora,Shearston,dshearston1p@state.gov,Non-binary,83.79.187.81
63,Cara,Heliar,cheliar1q@fema.gov,Female,26.202.64.78
64,Eduardo,Manston,emanston1r@cafepress.com,Male,242.238.207.21
65,Jareb,Slograve,jslograve1s@state.gov,Genderqueer,131.59.153.53
66,Nonah,Bartolini,nbartolini1t@free.fr,Female,135.227.255.107
67,Marika,Hallad,mhallad1u@vinaora.com,Female,241.10.70.96
68,Neall,Renner,nrenner1v@cnbc.com,Male,120.139.96.209
69,Alfonse,Bugg,abugg1w@usa.gov,Non-binary,122.182.143.126
70,Lorettalorna,Samsonsen,lsamsonsen1x@dagondesign.com,Female,71.101.56.205
71,Melli,Shrieves,mshrieves1y@nsw.gov.au,Female,6.27.80.70
72,Huberto,Mellsop,hmellsop1z@godaddy.com,Male,230.125.152.223
73,Sherri,Sumbler,ssumbler20@cbc.ca,Female,221.91.172.134
74,Dotti,Fones,dfones21@bloglines.com,Female,228.183.10.186
75,Karie,Tresvina,ktresvina22@plala.or.jp,Genderfluid,245.214.253.178
76,Joyous,Guidelli,jguidelli23@deviantart.com,Female,252.250.217.151
77,Cedric,Cromblehome,ccromblehome24@arizona.edu,Agender,16.176.209.160
78,Guss,Megson,gmegson25@ucla.edu,Male,121.205.240.194
79,Eddy,Rozec,erozec26@blogtalkradio.com,Female,155.37.24.23
80,Kevina,Ellor,kellor27@globo.com,Female,185.31.90.2
81,Didi,Cains,dcains28@businessweek.com,Female,31.254.70.149
82,Ruthann,Eynaud,reynaud29@123-reg.co.uk,Female,97.50.164.63
83,Aksel,Domengue,adomengue2a@usa.gov,Male,17.223.61.11
84,Sharlene,Dakers,sdakers2b@prlog.org,Female,28.147.20.63
85,Lynnell,O'Ruane,loruane2c@hexun.com,Female,85.154.97.121
86,Paulette,Dinnies,pdinnies2d@weebly.com,Agender,97.126.134.197
87,Jenna,Skyrm,jskyrm2e@samsung.com,Female,38.90.158.100
88,Erastus,Warburton,ewarburton2f@rakuten.co.jp,Male,34.127.225.191
89,Clarine,Pougher,cpougher2g@weibo.com,Female,79.59.193.86
90,Yoshiko,Souch,ysouch2h@mediafire.com,Female,62.68.59.33
91,Anitra,Edensor,aedensor2i@yelp.com,Female,185.79.127.213
92,Bartholomew,Rosenberg,brosenberg2j@cbsnews.com,Male,88.161.6.76
93,Gun,Seiffert,gseiffert2k@prnewswire.com,Male,53.242.230.130
94,Valina,French,vfrench2l@webs.com,Female,104.172.33.199
95,Tybie,Irlam,tirlam2m@chronoengine.com,Female,143.216.72.12
96,Myrna,Whiterod,mwhiterod2n@nydailynews.com,Female,93.250.58.208
97,Corrina,Kermon,ckermon2o@dailymail.co.uk,Female,88.168.33.252
98,Thain,Wasiela,twasiela2p@devhub.com,Male,34.150.11.9
99,Nelson,Ditch,nditch2q@networksolutions.com,Male,11.137.159.5
100,Pepillo,Risbridge,prisbridge2r@tuttocitta.it,Male,168.62.105.155
101,Linette,Dulieu,ldulieu2s@about.com,Female,87.222.148.164
102,Jerry,Ruscoe,jruscoe2t@sohu.com,Male,221.74.246.176
103,Mac,Glinde,mglinde2u@sina.com.cn,Male,227.212.28.130
104,Jenilee,Jacobowits,jjacobowits2v@photobucket.com,Female,97.236.213.26
105,Ingamar,Acaster,iacaster2w@google.com.br,Male,12.64.48.173
106,Marcile,Tolcharde,mtolcharde2x@soup.io,Female,10.15.66.50
107,Neddie,Sibbering,nsibbering2y@samsung.com,Male,181.197.132.50
108,Cyndia,McInnerny,cmcinnerny2z@infoseek.co.jp,Female,38.61.50.241
109,Sloane,Ricarde,sricarde30@cdbaby.com,Male,143.223.69.92
110,Yul,Slatford,yslatford31@biglobe.ne.jp,Male,155.223.212.147
111,Bartram,Veale,bveale32@state.gov,Male,80.85.47.197
112,Michelle,Grigorushkin,mgrigorushkin33@uiuc.edu,Female,103.56.228.41
113,Blair,Greenlies,bgreenlies34@mtv.com,Male,214.141.23.85
114,Norman,Revitt,nrevitt35@google.pl,Non-binary,234.167.173.27
115,Tony,Atwel,tatwel36@dot.gov,Male,214.99.253.42
116,Derron,Cogley,dcogley37@nba.com,Male,192.159.144.111
117,Anastasia,Chorlton,achorlton38@fotki.com,Female,109.55.118.202
118,Ettie,Troy,etroy39@bandcamp.com,Female,251.125.117.173
119,Lek,Wroe,lwroe3a@goodreads.com,Bigender,36.44.7.193
120,Raquel,Fido,rfido3b@aboutads.info,Female,236.239.194.204
121,Claire,MacFadzan,cmacfadzan3c@wp.com,Male,175.200.192.184
122,Jereme,Freathy,jfreathy3d@seattletimes.com,Male,221.140.62.81
123,Rochell,Dunbobbin,rdunbobbin3e@xing.com,Female,8.209.178.200
124,Roberta,Bendik,rbendik3f@biblegateway.com,Female,26.119.116.192
125,Frederic,Kynge,fkynge3g@walmart.com,Genderqueer,134.182.16.195
126,Lilllie,Ormistone,lormistone3h@lycos.com,Female,139.121.161.102
127,Kin,Waterhous,kwaterhous3i@bbc.co.uk,Male,81.31.107.41
128,Gwyn,MacInherney,gmacinherney3j@mapquest.com,Agender,120.139.235.181
129,Saree,Alvarado,salvarado3k@umn.edu,Agender,207.235.92.243
130,Gertie,Ashard,gashard3l@cyberchimps.com,Female,125.236.215.51
131,Rita,Iskov,riskov3m@live.com,Female,77.20.164.242
132,Care,Ferfulle,cferfulle3n@livejournal.com,Male,27.239.225.168
133,Sampson,Peterffy,speterffy3o@bbb.org,Male,228.252.147.204
134,Cobbie,Molesworth,cmolesworth3p@tamu.edu,Male,82.130.28.21
135,Newton,Orchart,norchart3q@ox.ac.uk,Male,145.76.58.195
136,Mateo,Bownd,mbownd3r@tuttocitta.it,Bigender,179.127.2.221
137,Gunther,Dederich,gdederich3s@unicef.org,Male,167.151.33.241
138,Hardy,Hedde,hhedde3t@purevolume.com,Male,214.39.226.20
139,Verine,Dosedale,vdosedale3u@jimdo.com,Female,130.67.123.156
140,Shane,Darleston,sdarleston3v@apple.com,Female,4.88.148.103
141,Bear,Guidera,bguidera3w@flickr.com,Male,93.14.177.147
142,Darrick,Corby,dcorby3x@vistaprint.com,Male,127.71.200.40
143,Cheri,Morrallee,cmorrallee3y@uiuc.edu,Female,230.243.161.152
144,Frankie,Battrum,fbattrum3z@microsoft.com,Female,68.237.214.230
145,Trip,Kinde,tkinde40@pagesperso-orange.fr,Male,182.210.186.82
146,Trisha,Dodle,tdodle41@pagesperso-orange.fr,Female,14.14.18.54
147,Idelle,Daughtery,idaughtery42@dailymotion.com,Female,103.102.164.211
148,Antonius,Kinsey,akinsey43@mapquest.com,Agender,117.58.243.110
149,Ferrel,Rodolfi,frodolfi44@icq.com,Non-binary,181.109.18.157
150,Biddie,Ennever,bennever45@shinystat.com,Female,118.186.132.157
151,Sanderson,Tilt,stilt46@mtv.com,Male,208.226.61.116
152,Madlen,Pinkstone,mpinkstone47@economist.com,Female,124.176.20.143
153,Darla,Gerrelt,dgerrelt48@hexun.com,Female,108.213.12.173
154,Rollins,Oxe,roxe49@redcross.org,Male,192.189.86.77
155,Gus,Berggren,gberggren4a@w3.org,Male,105.17.247.51
156,Saba,Crookston,scrookston4b@huffingtonpost.com,Female,131.102.240.174
157,Timmy,Selbach,tselbach4c@oracle.com,Male,171.184.139.117
158,Theodore,Guillot,tguillot4d@zimbio.com,Male,7.3.32.220
159,Blondy,Godball,bgodball4e@mac.com,Female,252.144.49.36
160,Leonidas,Connop,lconnop4f@free.fr,Male,227.23.45.183
161,Ertha,Samart,esamart4g@telegraph.co.uk,Female,203.225.113.198
162,Ariela,MacAlister,amacalister4h@shutterfly.com,Female,225.46.105.54
163,Berthe,Stapels,bstapels4i@blinklist.com,Genderfluid,249.171.206.244
164,Barnabas,Calladine,bcalladine4j@homestead.com,Male,53.34.158.114
165,Gwendolen,MacIlurick,gmacilurick4k@g.co,Female,90.99.126.150
166,Sunshine,Widdowson,swiddowson4l@craigslist.org,Female,48.31.193.163
167,Rozanne,Pietrasik,rpietrasik4m@vkontakte.ru,Female,70.215.82.245
168,Gwenneth,Hattigan,ghattigan4n@ucoz.com,Female,176.9.60.162
169,Roddy,Yeats,ryeats4o@ucsd.edu,Male,116.176.225.202
170,Jermaine,Ciobotaru,jciobotaru4p@desdev.cn,Female,94.43.96.239
171,Eustacia,Coombs,ecoombs4q@imgur.com,Female,112.141.38.113
172,Grethel,Collingridge,gcollingridge4r@noaa.gov,Female,121.214.176.90
173,Eachelle,Moorhouse,emoorhouse4s@drupal.org,Female,156.255.230.1
174,Valeda,Wolstencroft,vwolstencroft4t@newsvine.com,Female,88.19.14.55
175,Loella,Lanchberry,llanchberry4u@baidu.com,Female,248.179.92.186
176,Anissa,Menure,amenure4v@i2i.jp,Female,236.174.95.196
177,Avis,Kevlin,akevlin4w@hugedomains.com,Female,143.76.229.115
178,Jo ann,Happel,jhappel4x@blog.com,Female,58.23.236.3
179,Debby,Arstingall,darstingall4y@mashable.com,Female,146.143.149.18
180,Giorgio,Kalewe,gkalewe4z@mit.edu,Polygender,143.252.222.194
181,Deborah,Allwood,dallwood50@deviantart.com,Female,234.123.49.160
182,Cary,Strelitzer,cstrelitzer51@thetimes.co.uk,Male,240.21.207.226
183,Crissie,Moy,cmoy52@google.com.hk,Female,172.36.39.183
184,Wiley,Stranio,wstranio53@myspace.com,Male,195.86.161.119
185,Pearle,Laudham,plaudham54@intel.com,Female,146.114.68.37
186,Gretal,Starking,gstarking55@unesco.org,Female,25.49.22.51
187,Orrin,Billyard,obillyard56@addthis.com,Male,76.2.34.227
188,Myranda,Farny,mfarny57@google.nl,Female,84.200.91.182
189,Merna,Banker,mbanker58@chicagotribune.com,Female,25.158.183.3
190,Cristy,Whiteley,cwhiteley59@whitehouse.gov,Female,55.235.173.221
191,Demetrius,Londsdale,dlondsdale5a@npr.org,Male,255.168.149.28
192,Caryl,Trusler,ctrusler5b@instagram.com,Female,189.106.32.43
193,Artemus,Mengo,amengo5c@imdb.com,Male,60.210.25.111
194,Ric,Donhardt,rdonhardt5d@yale.edu,Bigender,221.58.161.196
195,Eb,Daverin,edaverin5e@about.me,Male,44.68.102.59
196,Waverley,Farady,wfarady5f@engadget.com,Male,78.135.46.148
197,Amble,Nesfield,anesfield5g@printfriendly.com,Male,65.248.174.93
198,Conant,Sellen,csellen5h@purevolume.com,Male,58.181.49.115
199,Felisha,Baddiley,fbaddiley5i@scribd.com,Female,250.146.56.18
200,Tommie,Fick,tfick5j@wufoo.com,Female,56.222.142.119
201,Roda,Ricketts,rricketts5k@chron.com,Female,10.209.9.248
202,Mellisent,Pinney,mpinney5l@google.es,Female,162.175.243.208
203,Dunstan,MacAndie,dmacandie5m@webs.com,Male,213.119.159.185
204,Hermy,Goldstone,hgoldstone5n@goo.ne.jp,Male,32.233.208.173
205,Elita,McKelvie,emckelvie5o@google.ca,Female,28.135.252.15
206,Waylen,McReedy,wmcreedy5p@businessinsider.com,Male,10.71.117.23
207,Karol,Collyer,kcollyer5q@admin.ch,Female,103.61.85.104
208,Fionnula,Beggan,fbeggan5r@yellowpages.com,Female,6.138.43.133
209,Nita,Heritege,nheritege5s@apache.org,Female,146.0.209.143
210,Kristyn,Marsters,kmarsters5t@engadget.com,Female,93.228.21.32
211,Irvin,Burnand,iburnand5u@chron.com,Male,79.196.239.199
212,Geordie,Rochewell,grochewell5v@nba.com,Male,37.126.53.185
213,Stu,Selman,sselman5w@hud.gov,Male,71.64.169.59
214,Courtney,Cortese,ccortese5x@linkedin.com,Polygender,128.136.226.107
215,Jackie,Writer,jwriter5y@pagesperso-orange.fr,Male,80.255.68.55
216,Hedwig,Lemmon,hlemmon5z@hhs.gov,Genderqueer,9.14.53.169
217,Rodd,Blackeby,rblackeby60@discovery.com,Male,217.78.106.77
218,Rolando,Stothard,rstothard61@wunderground.com,Male,113.125.111.186
219,Meir,Sacks,msacks62@nytimes.com,Male,118.12.144.188
220,Artemas,Bradnam,abradnam63@printfriendly.com,Male,207.190.224.61
221,Arlie,Rosenfelder,arosenfelder64@gizmodo.com,Female,254.89.56.250
222,Lizabeth,Rummery,lrummery65@ebay.com,Female,145.225.130.212
223,Puff,Rasor,prasor66@huffingtonpost.com,Male,79.90.74.223
224,Billie,Mynett,bmynett67@1und1.de,Female,166.57.162.47
225,Gregoire,Goudard,ggoudard68@ed.gov,Male,58.173.102.255
226,Betteanne,Rizzardini,brizzardini69@indiatimes.com,Female,110.177.128.170
227,Noreen,Vallintine,nvallintine6a@ft.com,Female,227.155.142.85
228,Hewitt,Berlin,hberlin6b@dropbox.com,Male,132.70.69.149
229,Shepperd,Cowterd,scowterd6c@time.com,Male,161.40.223.50
230,Tom,Grosvener,tgrosvener6d@nationalgeographic.com,Male,133.201.18.107
231,Vivienne,Still,vstill6e@taobao.com,Female,121.65.118.159
232,Skippy,Joost,sjoost6f@oracle.com,Male,123.202.99.56
233,Brok,McNeill,bmcneill6g@t-online.de,Male,145.162.69.5
234,Kala,Harron,kharron6h@sohu.com,Female,212.149.122.35
235,Clemmy,Tonepohl,ctonepohl6i@nationalgeographic.com,Male,168.35.95.247
236,Andi,Skipper,askipper6j@who.int,Female,219.48.255.225
237,Arnuad,Kochl,akochl6k@pagesperso-orange.fr,Male,223.175.149.83
238,Gerladina,Topes,gtopes6l@linkedin.com,Female,202.188.84.25
239,Kain,Mattiello,kmattiello6m@photobucket.com,Male,3.33.47.190
240,Cindelyn,Nevet,cnevet6n@alibaba.com,Female,113.234.51.97
241,Evan,Cleator,ecleator6o@meetup.com,Male,170.123.129.59
242,Whitney,Geindre,wgeindre6p@weibo.com,Female,231.138.143.192
243,Ernst,Annets,eannets6q@unc.edu,Male,94.21.97.53
244,Mitzi,Posse,mposse6r@usgs.gov,Female,17.61.139.172
245,Maryjo,Moutray Read,mmoutrayread6s@cmu.edu,Agender,129.202.241.38
246,Sammy,Besson,sbesson6t@japanpost.jp,Female,10.227.233.174
247,Gaile,Ricciardello,gricciardello6u@shutterfly.com,Male,78.32.172.8
248,Emiline,Berth,eberth6v@skype.com,Female,193.215.218.101
249,Kaylee,Cribbott,kcribbott6w@netlog.com,Female,1.106.114.222
250,Kevon,Leifer,kleifer6x@slideshare.net,Male,30.196.73.154
251,Freddi,Lettley,flettley6y@last.fm,Female,106.187.132.22
252,Karyn,Gerrelts,kgerrelts6z@newyorker.com,Female,76.143.129.252
253,Dorri,Tewelson,dtewelson70@illinois.edu,Female,213.240.204.134
254,Timmie,Giannasi,tgiannasi71@psu.edu,Male,200.26.149.25
255,Clywd,Bricklebank,cbricklebank72@foxnews.com,Male,206.19.211.64
256,Philippine,Driffe,pdriffe73@scribd.com,Female,53.133.88.122
257,Allx,Beckenham,abeckenham74@liveinternet.ru,Female,46.102.15.144
258,Bailey,Ableson,bableson75@addthis.com,Male,201.129.28.76
259,Anabelle,Greystoke,agreystoke76@ox.ac.uk,Female,142.222.173.125
260,Thurstan,Shill,tshill77@usnews.com,Male,91.239.192.0
261,Broderick,Vinick,bvinick78@sciencedirect.com,Male,181.58.116.83
262,Nancy,Sharpling,nsharpling79@google.com.au,Female,2.51.209.5
263,Batsheva,Garlicke,bgarlicke7a@yahoo.co.jp,Female,22.105.65.159
264,Randi,Monck,rmonck7b@virginia.edu,Female,143.194.130.218
265,Mela,Keyme,mkeyme7c@nyu.edu,Female,133.75.77.39
266,Elnora,Garard,egarard7d@yahoo.com,Female,192.211.185.165
267,Kerianne,Giveen,kgiveen7e@delicious.com,Female,168.163.38.158
268,Dael,Rogez,drogez7f@xrea.com,Female,84.6.52.252
269,Hester,Borrie,hborrie7g@eepurl.com,Female,41.92.152.81
270,Letti,Turnock,lturnock7h@indiegogo.com,Female,178.127.156.144
271,Israel,Lorden,ilorden7i@bravesites.com,Male,85.25.224.209
272,Jackie,Hemerijk,jhemerijk7j@de.vu,Female,25.101.101.147
273,Catherin,Brent,cbrent7k@csmonitor.com,Female,10.38.66.170
274,Nance,Marrian,nmarrian7l@clickbank.net,Female,44.40.23.19
275,Shelba,Zanioletti,szanioletti7m@paypal.com,Female,42.150.110.237
276,Adrianna,Pull,apull7n@woothemes.com,Female,199.24.163.114
277,Delila,Dyne,ddyne7o@blogger.com,Female,173.205.26.145
278,Connor,Geertz,cgeertz7p@ovh.net,Male,20.25.87.227
279,Cece,Bewlay,cbewlay7q@economist.com,Male,105.240.98.190
280,Kirk,Benger,kbenger7r@skype.com,Male,173.136.52.33
281,Davey,Cornhill,dcornhill7s@tiny.cc,Male,96.121.63.38
282,Gabriela,Van Saltsberg,gvansaltsberg7t@mlb.com,Female,89.211.200.173
283,Imogene,Blackstock,iblackstock7u@dagondesign.com,Female,125.70.204.51
284,Tully,Mansuer,tmansuer7v@cpanel.net,Male,31.85.18.104
285,Caressa,Liger,cliger7w@tmall.com,Female,236.129.212.250
286,Ermengarde,Boxell,eboxell7x@list-manage.com,Female,66.217.152.99
287,Ugo,Skillanders,uskillanders7y@ucoz.ru,Polygender,248.123.190.22
288,Courtnay,Ortes,cortes7z@hud.gov,Male,17.198.50.119
289,Maudie,Whifen,mwhifen80@bizjournals.com,Female,85.5.84.22
290,Ruprecht,Farrimond,rfarrimond81@google.de,Male,177.184.54.21
291,Ashlan,Ervine,aervine82@oakley.com,Female,106.44.149.39
292,Desdemona,Faux,dfaux83@nymag.com,Female,241.168.254.117
293,Gerick,Waterhous,gwaterhous84@mayoclinic.com,Male,244.41.86.9
294,Ignace,Balogh,ibalogh85@weather.com,Male,197.119.227.226
295,Denise,Gyurko,dgyurko86@accuweather.com,Female,133.140.67.168
296,Flynn,Priddis,fpriddis87@unblog.fr,Male,22.54.213.150
297,Willyt,Sibbet,wsibbet88@flavors.me,Female,139.96.191.190
298,Ody,Auletta,oauletta89@wsj.com,Genderqueer,202.135.148.48
299,Brander,Wilmore,bwilmore8a@flickr.com,Male,17.196.208.88
300,Zeke,Eschalette,zeschalette8b@ftc.gov,Male,59.227.179.130
301,Wallache,Lindsell,wlindsell8c@de.vu,Male,95.188.14.212
302,Belia,Sidden,bsidden8d@businesswire.com,Female,243.24.132.17
303,Wainwright,Cuttler,wcuttler8e@creativecommons.org,Male,171.167.4.49
304,Kilian,Petters,kpetters8f@wisc.edu,Male,10.13.107.173
305,Deeanne,Stewartson,dstewartson8g@skype.com,Female,77.79.120.52
306,Shaun,Lawie,slawie8h@1688.com,Female,16.250.80.163
307,Georg,O'Hearn,gohearn8i@fastcompany.com,Male,109.192.201.105
308,Clerkclaude,Duce,cduce8j@surveymonkey.com,Male,168.56.96.248
309,Hermy,Whitham,hwhitham8k@wikia.com,Male,105.149.54.78
310,Genevra,Shopcott,gshopcott8l@nih.gov,Female,3.80.200.57
311,Shae,Redmell,sredmell8m@google.de,Female,178.67.235.165
312,Harris,Hrihorovich,hhrihorovich8n@cnet.com,Male,112.1.165.46
313,Nissie,Wyley,nwyley8o@army.mil,Genderqueer,167.238.43.55
314,Mora,Dennehy,mdennehy8p@rediff.com,Female,109.210.74.83
315,Mathias,O'Hallagan,mohallagan8q@fema.gov,Male,99.8.38.212
316,Editha,Extill,eextill8r@shareasale.com,Female,226.237.124.182
317,Lizzy,Crace,lcrace8s@epa.gov,Female,246.201.77.59
318,Letta,Kedie,lkedie8t@jalbum.net,Female,212.191.156.176
319,Vinny,Frisch,vfrisch8u@twitpic.com,Polygender,234.20.109.2
320,Daniela,Leyrroyd,dleyrroyd8v@indiegogo.com,Female,202.239.232.92
321,Idalina,Drillingcourt,idrillingcourt8w@ihg.com,Female,21.54.44.124
322,Thadeus,Querrard,tquerrard8x@forbes.com,Male,200.238.226.17
323,Ilka,Strong,istrong8y@wordpress.com,Female,149.173.96.201
324,Melvyn,Gwillyam,mgwillyam8z@ustream.tv,Male,113.22.207.136
325,Glenn,Dear,gdear90@aol.com,Male,94.4.47.87
326,Branden,Wichard,bwichard91@merriam-webster.com,Male,101.201.215.23
327,Corinne,Lukasen,clukasen92@go.com,Female,53.48.39.54
328,Gus,Swaddle,gswaddle93@bizjournals.com,Female,225.104.249.78
329,Nevil,Sharrock,nsharrock94@surveymonkey.com,Male,2.94.53.176
330,Isadora,Pieper,ipieper95@mashable.com,Female,177.218.129.48
331,Dael,Malser,dmalser96@noaa.gov,Male,73.222.89.176
332,Ogdon,Alishoner,oalishoner97@tiny.cc,Male,42.94.31.51
333,Becky,Nolder,bnolder98@admin.ch,Female,39.234.241.127
334,Catherin,Coggins,ccoggins99@technorati.com,Female,17.157.130.252
335,Bradley,Hamley,bhamley9a@so-net.ne.jp,Male,60.152.105.149
336,Solomon,Stayte,sstayte9b@ask.com,Male,42.47.152.96
337,Penrod,Washtell,pwashtell9c@moonfruit.com,Male,217.134.234.189
338,Sydel,MacVagh,smacvagh9d@discovery.com,Female,42.73.28.255
339,Carmela,Killigrew,ckilligrew9e@jalbum.net,Female,17.137.44.102
340,Sheena,Derisly,sderisly9f@bigcartel.com,Female,239.92.232.201
341,Lanita,Dawkins,ldawkins9g@phoca.cz,Female,29.120.108.126
342,Barty,Grutchfield,bgrutchfield9h@theglobeandmail.com,Male,170.138.188.244
343,Chryste,Matousek,cmatousek9i@yellowbook.com,Female,14.14.143.22
344,Phillie,Giraudot,pgiraudot9j@4shared.com,Female,233.141.238.137
345,Giana,Coltart,gcoltart9k@abc.net.au,Bigender,239.21.208.187
346,Alta,Stamper,astamper9l@abc.net.au,Female,74.53.94.96
347,Horst,Wayte,hwayte9m@yale.edu,Male,37.99.106.215
348,Sarajane,Chadderton,schadderton9n@unesco.org,Female,236.148.241.227
349,Archer,Isakowicz,aisakowicz9o@opera.com,Male,52.90.140.221
350,Kissiah,MacKonochie,kmackonochie9p@bigcartel.com,Female,19.81.91.111
351,Rurik,Ben-Aharon,rbenaharon9q@parallels.com,Male,66.86.192.198
352,Claudius,Puvia,cpuvia9r@cpanel.net,Male,180.201.78.118
353,Webster,Verillo,wverillo9s@e-recht24.de,Male,121.118.236.71
354,Sue,Roswarn,sroswarn9t@4shared.com,Female,173.102.156.213
355,Izzy,Thickins,ithickins9u@meetup.com,Male,169.142.126.169
356,Baudoin,Kleinhandler,bkleinhandler9v@sciencedaily.com,Male,230.66.137.121
357,Molli,Rogge,mrogge9w@icio.us,Female,113.230.210.190
358,Sheridan,Yaakov,syaakov9x@fda.gov,Male,31.120.170.80
359,Kristyn,Wigfield,kwigfield9y@unicef.org,Female,76.83.14.161
360,Godart,Stocky,gstocky9z@freewebs.com,Genderqueer,181.64.240.60
361,Obed,Fanshaw,ofanshawa0@cyberchimps.com,Male,168.2.14.36
362,Giorgia,Maidlow,gmaidlowa1@sina.com.cn,Female,242.99.39.171
363,Heidi,Lantuff,hlantuffa2@msn.com,Female,4.253.4.26
364,Pauline,Bance,pbancea3@wikispaces.com,Female,134.5.55.220
365,Ethelyn,Privost,eprivosta4@ehow.com,Female,36.119.26.172
366,Taddeusz,Bendley,tbendleya5@shop-pro.jp,Male,54.86.122.178
367,Enrika,Gutans,egutansa6@weather.com,Female,51.252.1.253
368,Daniel,Chadbourn,dchadbourna7@ibm.com,Male,3.236.242.91
369,Lottie,Collyer,lcollyera8@nhs.uk,Female,122.236.243.71
370,Abel,Minchinton,aminchintona9@guardian.co.uk,Male,196.76.206.156
371,Susanna,Kunath,skunathaa@zimbio.com,Female,100.95.152.111
372,Price,Humby,phumbyab@rediff.com,Male,68.207.80.39
373,Perrine,Swalwel,pswalwelac@netlog.com,Female,10.186.232.31
374,Vick,MacCall,vmaccallad@surveymonkey.com,Male,35.245.49.27
375,Lea,Reinbech,lreinbechae@wikia.com,Female,221.214.114.140
376,Nicky,Delacroix,ndelacroixaf@flickr.com,Male,235.111.196.117
377,Shanan,Souten,ssoutenag@storify.com,Male,144.204.155.70
378,Tressa,Janodet,tjanodetah@cbc.ca,Female,95.177.101.36
379,Frederigo,Pyecroft,fpyecroftai@theguardian.com,Male,174.22.176.200
380,Alf,Agdahl,aagdahlaj@ca.gov,Male,132.100.116.50
381,Teddy,Siflet,tsifletak@wunderground.com,Male,105.125.241.121
382,Christyna,Giannoni,cgiannonial@last.fm,Female,157.174.222.38
383,Donnell,Mundwell,dmundwellam@cbsnews.com,Male,122.219.172.11
384,Felicity,Luetkemeyers,fluetkemeyersan@sphinn.com,Female,204.85.227.130
385,Ginny,Craik,gcraikao@webs.com,Female,5.182.201.89
386,Basilius,Andrivot,bandrivotap@huffingtonpost.com,Male,253.135.250.188
387,Neils,Swynley,nswynleyaq@dagondesign.com,Male,67.126.156.205
388,Jaimie,McManamen,jmcmanamenar@ow.ly,Genderqueer,141.42.65.117
389,Piotr,Pilsbury,ppilsburyas@uol.com.br,Male,157.86.220.46
390,Doe,Carss,dcarssat@ning.com,Female,62.55.119.38
391,Hastie,Loody,hloodyau@cbc.ca,Male,155.53.199.106
392,Lane,Bromage,lbromageav@archive.org,Male,113.89.198.179
393,Brnaba,Hulance,bhulanceaw@ft.com,Bigender,114.134.43.171
394,Marita,Jillis,mjillisax@liveinternet.ru,Female,181.194.154.135
395,Whitman,Owtram,wowtramay@storify.com,Male,90.202.247.237
396,Fitzgerald,Scutter,fscutteraz@list-manage.com,Male,30.177.224.229
397,Julita,Freeberne,jfreeberneb0@t.co,Female,116.4.128.12
398,Brianna,Atcock,batcockb1@phpbb.com,Female,70.197.113.208
399,Abbi,Sievewright,asievewrightb2@huffingtonpost.com,Female,97.145.18.103
400,Eduardo,Filov,efilovb3@slashdot.org,Male,198.85.76.63
401,Rawley,Stutard,rstutardb4@examiner.com,Male,28.145.35.137
402,Ursa,Crunden,ucrundenb5@scientificamerican.com,Female,142.24.23.111
403,Aeriela,Gierek,agierekb6@weibo.com,Female,215.118.7.103
404,Lyda,Colt,lcoltb7@sogou.com,Female,244.223.31.93
405,Fin,Cordie,fcordieb8@barnesandnoble.com,Male,139.194.231.121
406,Frannie,Vedenisov,fvedenisovb9@ow.ly,Female,24.122.239.166
407,Weider,St. Louis,wstlouisba@fastcompany.com,Male,43.95.254.69
408,Uriel,Belle,ubellebb@newsvine.com,Male,3.14.203.162
409,Jeannine,Hallahan,jhallahanbc@usatoday.com,Female,232.1.214.35
410,Devonna,Golden,dgoldenbd@cisco.com,Bigender,94.76.216.2
411,Kayley,Batcheldor,kbatcheldorbe@livejournal.com,Non-binary,193.15.26.53
412,Ringo,Barabich,rbarabichbf@sciencedirect.com,Male,167.178.57.185
413,Kaile,Cogle,kcoglebg@unesco.org,Female,235.111.98.31
414,Arron,Benardeau,abenardeaubh@fc2.com,Male,47.129.160.201
415,Wally,Medmore,wmedmorebi@edublogs.org,Male,124.134.56.57
416,Cammy,Sandeland,csandelandbj@engadget.com,Genderqueer,216.11.54.181
417,Giacobo,Underwood,gunderwoodbk@goo.gl,Non-binary,83.225.238.109
418,Eyde,Thurgood,ethurgoodbl@furl.net,Female,79.34.173.75
419,Fin,Goodridge,fgoodridgebm@histats.com,Male,17.251.77.43
420,Alberto,Gravells,agravellsbn@hp.com,Bigender,117.250.34.35
421,Bert,Itskovitz,bitskovitzbo@bloglines.com,Female,228.57.254.15
422,Gregor,Enoch,genochbp@mysql.com,Genderfluid,46.45.188.168
423,Barton,Moughtin,bmoughtinbq@bbb.org,Male,0.213.21.13
424,Roddie,Oldham,roldhambr@istockphoto.com,Male,235.121.181.214
425,Gabi,Ferrillio,gferrilliobs@chronoengine.com,Male,216.212.161.41
426,Rick,O' Ronan,roronanbt@google.es,Male,79.160.225.233
427,Garwin,Twydell,gtwydellbu@huffingtonpost.com,Male,66.139.244.24
428,Halli,Davis,hdavisbv@techcrunch.com,Female,91.209.204.186
429,Aldous,Beddoes,abeddoesbw@geocities.jp,Male,191.109.96.30
430,Russ,Stoyles,rstoylesbx@webmd.com,Male,149.101.1.196
431,Buck,Cannell,bcannellby@free.fr,Male,161.44.229.77
432,Frannie,McCourt,fmccourtbz@craigslist.org,Male,124.54.154.2
433,Meggie,Pardew,mpardewc0@microsoft.com,Female,71.40.22.221
434,Alexandra,Corneliussen,acorneliussenc1@over-blog.com,Female,0.145.121.233
435,Conrad,Bratley,cbratleyc2@ted.com,Male,215.225.208.115
436,Dillie,Leere,dleerec3@baidu.com,Male,162.75.91.120
437,Lonee,Peasby,lpeasbyc4@ft.com,Female,127.100.207.68
438,Dag,Huggill,dhuggillc5@miitbeian.gov.cn,Male,74.185.232.163
439,Tony,Royans,troyansc6@ihg.com,Male,234.179.52.203
440,Tait,Lumpkin,tlumpkinc7@baidu.com,Male,40.222.80.100
441,Arnaldo,Kilian,akilianc8@booking.com,Male,73.2.191.236
442,Diane,Tomasik,dtomasikc9@tinypic.com,Non-binary,141.202.139.27
443,Alethea,Bridat,abridatca@quantcast.com,Female,113.116.153.251
444,Ailis,Persey,aperseycb@bandcamp.com,Female,206.182.232.31
445,Harry,Kruschov,hkruschovcc@oaic.gov.au,Genderfluid,19.46.35.30
446,Elsie,Lukas,elukascd@cdc.gov,Female,69.138.143.117
447,Lee,Ramelet,lrameletce@dion.ne.jp,Female,57.54.211.142
448,Aldrich,Gwioneth,agwionethcf@t.co,Male,203.174.195.221
449,Chester,Spaule,cspaulecg@spotify.com,Male,59.47.76.96
450,Nester,Robuchon,nrobuchonch@yellowpages.com,Male,64.51.203.59
451,Tate,Dubock,tdubockci@spotify.com,Female,243.216.71.95
452,Antonietta,Willan,awillancj@reverbnation.com,Female,41.32.234.130
453,Scarlett,Moughton,smoughtonck@wikipedia.org,Bigender,126.255.201.254
454,Sande,Twinning,stwinningcl@biblegateway.com,Female,131.123.61.108
455,Tana,Sneyd,tsneydcm@vkontakte.ru,Female,204.25.217.65
456,Gertrud,McLese,gmclesecn@ibm.com,Female,107.123.90.11
457,Elena,Owthwaite,eowthwaiteco@plala.or.jp,Female,151.255.29.110
458,Bern,Shoulders,bshoulderscp@xrea.com,Male,244.119.200.231
459,Averil,Iohananof,aiohananofcq@1und1.de,Male,121.171.166.28
460,Rici,Elves,relvescr@google.es,Female,153.176.205.161
461,Aldric,Pimerick,apimerickcs@illinois.edu,Non-binary,243.134.66.224
462,Salmon,Osgar,sosgarct@sciencedaily.com,Male,175.20.216.222
463,Homerus,Pyrah,hpyrahcu@usnews.com,Genderfluid,185.215.22.88
464,Hurlee,Brassington,hbrassingtoncv@drupal.org,Male,93.122.115.198
465,Leora,Esson,lessoncw@bloglovin.com,Female,145.250.58.115
466,Billi,Kerton,bkertoncx@hc360.com,Female,219.230.79.224
467,Maurene,Rentoll,mrentollcy@weather.com,Bigender,202.68.242.135
468,Cam,Wile,cwilecz@spotify.com,Female,132.35.17.153
469,Benn,Frensch,bfrenschd0@qq.com,Male,244.203.147.80
470,Barnard,Elles,bellesd1@discovery.com,Male,172.170.175.69
471,Rinaldo,Elvin,relvind2@netlog.com,Male,99.48.74.2
472,Tera,Freemantle,tfreemantled3@deviantart.com,Female,190.154.214.118
473,Gabbi,Yesinov,gyesinovd4@goo.gl,Female,179.38.84.226
474,Marcos,Howcroft,mhowcroftd5@shop-pro.jp,Male,173.33.4.122
475,Milissent,Cathrall,mcathralld6@webnode.com,Female,207.80.12.48
476,Carola,Lorie,cloried7@imageshack.us,Female,81.40.60.223
477,Drucie,Collete,dcolleted8@jugem.jp,Female,51.248.228.47
478,Wang,Jahner,wjahnerd9@biglobe.ne.jp,Male,9.201.222.74
479,Gonzalo,Stotherfield,gstotherfieldda@yellowpages.com,Male,46.102.129.227
480,Katey,Gillio,kgilliodb@odnoklassniki.ru,Female,113.77.242.37
481,Corbie,Gorey,cgoreydc@gizmodo.com,Male,23.217.23.79
482,Donna,Dalziel,ddalzieldd@gov.uk,Female,8.23.157.241
483,Filide,Jozwiak,fjozwiakde@github.io,Female,133.114.154.30
484,Allister,Maxwale,amaxwaledf@studiopress.com,Male,142.12.184.194
485,Marion,Eversfield,meversfielddg@ocn.ne.jp,Female,11.251.16.177
486,Mohandas,McIndoe,mmcindoedh@weibo.com,Male,57.229.193.163
487,Johnnie,Bollini,jbollinidi@purevolume.com,Male,59.69.226.51
488,Othello,Chelnam,ochelnamdj@w3.org,Male,224.158.142.88
489,Dacy,Seyffert,dseyffertdk@rakuten.co.jp,Female,105.221.168.191
490,Cloe,Mursell,cmurselldl@hud.gov,Female,235.122.197.215
491,Cherlyn,Halwell,chalwelldm@utexas.edu,Female,96.17.58.177
492,Kim,Strattan,kstrattandn@netscape.com,Male,236.123.26.52
493,Loralyn,Panas,lpanasdo@cnbc.com,Female,20.225.105.99
494,Aubrette,Batters,abattersdp@is.gd,Female,48.171.62.198
495,Noble,Mollene,nmollenedq@alexa.com,Male,34.50.34.95
496,Chick,Estable,cestabledr@nydailynews.com,Male,130.247.204.184
497,Forrest,Castellet,fcastelletds@google.it,Male,23.46.4.121
498,Lemuel,Kiljan,lkiljandt@techcrunch.com,Male,173.71.29.156
499,Fredra,Kirvell,fkirvelldu@a8.net,Female,33.43.117.128
500,Brit,Luckey,bluckeydv@oakley.com,Male,118.189.65.85
501,Magdalene,Brahan,mbrahandw@opera.com,Polygender,236.125.187.103
502,Lurlene,Neilus,lneilusdx@bigcartel.com,Female,69.102.167.229
503,Egan,Ellison,eellisondy@wisc.edu,Male,244.171.227.242
504,Jojo,Lally,jlallydz@si.edu,Female,6.102.119.70
505,Rey,Ambrogi,rambrogie0@theguardian.com,Male,39.233.64.105
506,Bendix,Granham,bgranhame1@cnn.com,Male,139.106.166.253
507,Megen,Davitti,mdavittie2@amazon.co.jp,Female,179.162.130.252
508,Coleen,Monteaux,cmonteauxe3@wikipedia.org,Female,65.32.230.132
509,Odilia,Hooks,ohookse4@weather.com,Female,227.105.82.133
510,Myrvyn,Mantle,mmantlee5@washingtonpost.com,Male,106.177.12.123
511,Kent,Mordie,kmordiee6@businessweek.com,Male,66.94.143.240
512,Spence,Sibthorp,ssibthorpe7@wordpress.com,Male,90.50.211.118
513,Ciel,Beacock,cbeacocke8@hexun.com,Female,175.68.198.148
514,Lance,Haswell,lhaswelle9@latimes.com,Male,119.86.46.73
515,Almeda,Nassau,anassauea@rediff.com,Female,233.160.49.12
516,Zabrina,Vala,zvalaeb@thetimes.co.uk,Female,0.81.176.37
517,Murvyn,Yurocjkin,myurocjkinec@redcross.org,Male,198.124.85.138
518,Temple,McLeman,tmclemaned@twitter.com,Male,111.35.100.11
519,Nobie,McGarva,nmcgarvaee@vimeo.com,Male,123.11.161.75
520,Les,Freeman,lfreemanef@scientificamerican.com,Male,137.212.92.112
521,Candice,Laydon,claydoneg@samsung.com,Female,228.32.180.99
522,Kevan,Morrott,kmorrotteh@php.net,Male,33.158.82.252
523,Whittaker,Roslen,wroslenei@mac.com,Male,157.225.183.79
524,Josy,Swindlehurst,jswindlehurstej@myspace.com,Female,175.227.253.15
525,Billi,Ilbert,bilbertek@opera.com,Female,80.182.139.63
526,Shadow,Ditts,sdittsel@dailymail.co.uk,Male,44.101.114.241
527,Berry,Bartali,bbartaliem@senate.gov,Female,103.49.57.244
528,Meir,Toye,mtoyeen@so-net.ne.jp,Male,71.230.165.101
529,Greggory,Dechelette,gdecheletteeo@domainmarket.com,Male,29.7.219.216
530,Meir,Bridgwater,mbridgwaterep@fda.gov,Male,164.100.90.127
531,Louis,Burne,lburneeq@canalblog.com,Male,155.81.57.24
532,Carolan,Seathwright,cseathwrighter@ebay.com,Female,172.115.39.218
533,Benedicta,Dudney,bdudneyes@lulu.com,Female,255.26.206.145
534,Sloane,Armin,sarminet@va.gov,Male,46.9.244.250
535,Gordon,Moles,gmoleseu@meetup.com,Male,73.193.210.28
536,Giacopo,Pavlata,gpavlataev@weebly.com,Bigender,126.249.168.233
537,Olympie,Nucator,onucatorew@wsj.com,Female,122.61.49.58
538,Karl,Simms,ksimmsex@sun.com,Male,96.188.62.218
539,Grace,Cannam,gcannamey@wikimedia.org,Male,178.159.181.48
540,Nataniel,Brakewell,nbrakewellez@wikimedia.org,Male,226.208.47.248
541,Heddie,Cutsforth,hcutsforthf0@google.ru,Female,128.47.206.49
542,Melli,Vinton,mvintonf1@live.com,Female,253.137.45.47
543,Mala,Breese,mbreesef2@nps.gov,Female,243.49.103.72
544,Maureen,Baden,mbadenf3@alibaba.com,Female,244.48.255.212
545,Charisse,Sheather,csheatherf4@intel.com,Female,229.117.72.8
546,Thayne,Shawe,tshawef5@redcross.org,Male,53.216.219.82
547,Fulton,Jenk,fjenkf6@sciencedaily.com,Male,207.34.82.45
548,Glennis,Vevers,gveversf7@qq.com,Female,45.166.48.190
549,Isiahi,Berling,iberlingf8@jimdo.com,Male,167.203.66.7
550,Leigha,Colbertson,lcolbertsonf9@stumbleupon.com,Bigender,57.15.215.19
551,Jordan,Cruttenden,jcruttendenfa@fda.gov,Female,90.130.55.135
552,Hanni,Nabbs,hnabbsfb@booking.com,Bigender,127.174.179.4
553,Wandie,Cousen,wcousenfc@comcast.net,Female,203.182.30.139
554,Trueman,Caird,tcairdfd@cam.ac.uk,Male,179.125.199.171
555,Alecia,Melloy,amelloyfe@github.com,Female,150.232.82.190
556,Aluino,Minchinton,aminchintonff@baidu.com,Non-binary,63.36.99.89
557,Cati,Tack,ctackfg@mozilla.com,Female,170.27.216.173
558,Ricoriki,Allright,rallrightfh@hubpages.com,Male,241.36.63.248
559,Dwayne,Bittlestone,dbittlestonefi@cnet.com,Male,173.110.69.15
560,Remus,Inglese,ringlesefj@hugedomains.com,Male,109.56.16.129
561,Berk,Meece,bmeecefk@netvibes.com,Male,71.69.199.145
562,Lebbie,Yakovitch,lyakovitchfl@com.com,Female,36.137.184.46
563,Darnall,Tallon,dtallonfm@yandex.ru,Male,111.75.27.234
564,Alex,Lithgow,alithgowfn@europa.eu,Male,254.110.33.152
565,Laetitia,Carthy,lcarthyfo@vinaora.com,Female,62.90.210.182
566,Danice,Pidgeon,dpidgeonfp@blogger.com,Female,253.66.63.146
567,Skippie,Roggerone,sroggeronefq@wordpress.org,Male,40.160.197.155
568,Blakeley,Badsworth,bbadsworthfr@issuu.com,Female,192.74.105.98
569,Terese,Mosby,tmosbyfs@princeton.edu,Female,222.40.163.133
570,Tamar,Tutsell,ttutsellft@discovery.com,Female,3.204.148.69
571,Reena,Cruden,rcrudenfu@icq.com,Female,218.227.118.227
572,Raimund,Kubal,rkubalfv@hud.gov,Male,67.103.74.7
573,Gretchen,Trickey,gtrickeyfw@cornell.edu,Female,205.30.109.51
574,Pippo,Isakovic,pisakovicfx@wired.com,Male,80.14.47.161
575,Gladys,Furman,gfurmanfy@mozilla.org,Female,37.148.206.135
576,Shaw,Rowantree,srowantreefz@clickbank.net,Male,107.240.37.209
577,Janel,Chaucer,jchaucerg0@surveymonkey.com,Female,62.51.143.114
578,Timofei,Roubert,troubertg1@mtv.com,Male,54.64.167.247
579,Levon,Rentelll,lrentelllg2@weebly.com,Male,100.69.175.29
580,Robbi,Fesby,rfesbyg3@g.co,Female,34.42.57.204
581,Filippa,Ing,fingg4@marketwatch.com,Female,84.177.49.169
582,Caryl,Brisseau,cbrisseaug5@cargocollective.com,Agender,216.160.127.123
583,Stewart,Harker,sharkerg6@opensource.org,Male,184.116.178.168
584,Lorain,Florentine,lflorentineg7@newyorker.com,Non-binary,150.65.240.51
585,Giana,Bristowe,gbristoweg8@opera.com,Female,240.32.62.159
586,Clifford,Vallens,cvallensg9@php.net,Male,77.228.52.221
587,Danni,Coarser,dcoarserga@arizona.edu,Female,72.65.132.67
588,Flora,Garthside,fgarthsidegb@forbes.com,Female,134.2.218.55
589,Eyde,Teece,eteecegc@utexas.edu,Female,53.206.52.242
590,Griz,Bocke,gbockegd@ezinearticles.com,Male,136.0.143.220
591,Ewell,Heigl,eheiglge@wikia.com,Male,112.150.223.162
592,Oberon,Karpmann,okarpmanngf@dailymail.co.uk,Male,182.93.253.28
593,Jasmin,Buckenhill,jbuckenhillgg@java.com,Female,118.236.233.145
594,Cyrillus,Louis,clouisgh@sciencedirect.com,Male,155.28.214.154
595,Grover,Ruddoch,gruddochgi@xrea.com,Male,147.136.199.14
596,Berton,Kersting,bkerstinggj@dagondesign.com,Male,35.102.207.210
597,Jody,Cathee,jcatheegk@engadget.com,Male,136.111.37.52
598,Cordie,Caesman,ccaesmangl@paginegialle.it,Male,53.134.116.206
599,Lefty,Roocroft,lroocroftgm@sbwire.com,Male,219.226.103.143
600,Nathanial,Duggon,nduggongn@vistaprint.com,Male,99.118.253.221
601,Amalita,McCarver,amccarvergo@simplemachines.org,Female,158.192.21.70
602,Althea,Mcimmie,amcimmiegp@miitbeian.gov.cn,Female,24.104.63.45
603,Quinn,Raper,qrapergq@wordpress.org,Male,109.72.71.53
604,Maggy,Aysik,maysikgr@engadget.com,Female,77.127.89.91
605,Calli,Kumar,ckumargs@dagondesign.com,Female,86.240.119.63
606,Goddard,Windibank,gwindibankgt@bluehost.com,Male,156.148.15.130
607,Page,Shellum,pshellumgu@dion.ne.jp,Male,128.105.36.168
608,Pacorro,Coard,pcoardgv@github.com,Non-binary,144.91.78.121
609,Stacee,Firle,sfirlegw@1und1.de,Non-binary,184.200.144.109
610,Lanny,MacRannell,lmacrannellgx@businesswire.com,Female,124.185.140.233
611,Worthy,Yosselevitch,wyosselevitchgy@sourceforge.net,Male,36.94.222.116
612,Teddi,Chewter,tchewtergz@acquirethisname.com,Female,1.152.219.37
613,Venus,Bushe,vbusheh0@privacy.gov.au,Female,101.235.117.135
614,Iver,Jagiello,ijagielloh1@yellowbook.com,Male,24.108.95.144
615,Latrena,Erington,leringtonh2@businessweek.com,Bigender,183.66.196.251
616,Sheppard,Belhome,sbelhomeh3@twitpic.com,Male,66.230.251.32
617,Page,Beavon,pbeavonh4@pinterest.com,Female,176.47.159.55
618,Latia,Gaskins,lgaskinsh5@house.gov,Female,163.144.236.68
619,Rea,Cartmell,rcartmellh6@lycos.com,Female,163.195.173.147
620,Efren,Nesbeth,enesbethh7@technorati.com,Male,16.236.177.33
621,Domenico,Colby,dcolbyh8@businesswire.com,Male,74.244.102.206
622,Trev,Issatt,tissatth9@stanford.edu,Male,162.0.7.188
623,Stephan,Pley,spleyha@so-net.ne.jp,Male,138.137.131.235
624,Estelle,Kew,ekewhb@cyberchimps.com,Female,157.149.105.234
625,Ruthy,Warrender,rwarrenderhc@sphinn.com,Female,17.200.153.40
626,Wren,Knibb,wknibbhd@newyorker.com,Female,49.123.72.47
627,Hillier,Russel,hrusselhe@geocities.com,Male,4.252.164.231
628,Ruthanne,Overy,roveryhf@toplist.cz,Genderfluid,42.41.92.99
629,Bertine,Western,bwesternhg@people.com.cn,Female,174.7.205.123
630,Bruno,Palay,bpalayhh@wordpress.com,Male,7.234.40.153
631,Gae,Entwisle,gentwislehi@economist.com,Polygender,50.68.53.125
632,Valera,Calvert,vcalverthj@google.com.hk,Female,207.128.215.206
633,Walton,Hickeringill,whickeringillhk@goodreads.com,Male,76.168.180.64
634,Mallorie,Sans,msanshl@hao123.com,Female,229.48.151.33
635,Talbert,Craufurd,tcraufurdhm@google.it,Male,95.180.145.0
636,Duke,Andreia,dandreiahn@google.pl,Male,41.40.161.158
637,Ulrikaumeko,Poultney,upoultneyho@weebly.com,Female,14.52.216.243
638,Oates,Franiak,ofraniakhp@columbia.edu,Male,63.82.13.107
639,Jeremiah,Blankett,jblanketthq@studiopress.com,Male,56.232.233.32
640,Lilyan,Yuryshev,lyuryshevhr@opensource.org,Female,184.49.220.125
641,Tracie,Mapledorum,tmapledorumhs@feedburner.com,Male,105.158.142.1
642,Rodger,Killingsworth,rkillingsworthht@edublogs.org,Male,84.105.188.68
643,Roley,Ride,rridehu@chicagotribune.com,Male,148.215.224.203
644,Sayers,Dimitrov,sdimitrovhv@opera.com,Male,100.169.139.137
645,Jard,D'Arrigo,jdarrigohw@comcast.net,Male,62.128.58.122
646,Bruno,Kiddey,bkiddeyhx@accuweather.com,Male,170.206.147.81
647,Cinderella,Gilbee,cgilbeehy@creativecommons.org,Female,63.47.16.227
648,Terri,Theodore,ttheodorehz@stumbleupon.com,Male,140.157.192.204
649,Channa,Tordoff,ctordoffi0@hostgator.com,Female,28.65.22.198
650,Henderson,Radolf,hradolfi1@springer.com,Male,142.11.226.119
651,Gayle,But,gbuti2@reference.com,Female,120.98.167.91
652,Bennie,MacShirie,bmacshiriei3@google.com.au,Agender,61.127.151.162
653,Lindsay,Habard,lhabardi4@fc2.com,Male,165.39.11.247
654,Nap,Britland,nbritlandi5@yandex.ru,Male,45.139.90.216
655,Georgette,Butterly,gbutterlyi6@dion.ne.jp,Female,76.13.78.19
656,Elwood,Arboin,earboini7@gravatar.com,Male,136.110.173.230
657,Britni,Tearny,btearnyi8@bloomberg.com,Female,214.44.133.25
658,Albert,McNeil,amcneili9@wikipedia.org,Male,172.181.18.120
659,Rudolph,Ebsworth,rebsworthia@chicagotribune.com,Male,250.12.39.99
660,Hamil,Got,hgotib@vistaprint.com,Male,5.123.115.195
661,Leona,Litel,llitelic@hhs.gov,Female,45.42.10.117
662,Salmon,Saynor,ssaynorid@sohu.com,Male,207.215.244.59
663,Lydia,Lindroos,llindroosie@bbc.co.uk,Female,168.34.181.136
664,Lorrie,McIlwrick,lmcilwrickif@timesonline.co.uk,Female,133.8.208.20
665,Stephan,Uebel,suebelig@epa.gov,Male,85.227.157.211
666,Hillel,Huzzey,hhuzzeyih@lulu.com,Male,67.118.153.222
667,Adair,Lamb-shine,alambshineii@gnu.org,Male,211.239.189.153
668,Wini,Todaro,wtodaroij@ucla.edu,Female,204.167.217.138
669,Antonino,Penhallurick,apenhallurickik@indiatimes.com,Male,5.2.239.26
670,Pasquale,Burwin,pburwinil@bigcartel.com,Male,37.26.175.170
671,Tanhya,McVicker,tmcvickerim@zimbio.com,Female,50.19.202.159
672,Lin,Hilland,lhillandin@spotify.com,Female,107.190.145.166
673,Kele,Tribble,ktribbleio@live.com,Male,97.12.45.128
674,Rudd,Castanie,rcastanieip@wikipedia.org,Male,9.9.148.190
675,Elwood,Dahlborg,edahlborgiq@ebay.co.uk,Male,20.23.191.144
676,Devora,Mc Ilwrick,dmcilwrickir@wufoo.com,Agender,207.161.35.137
677,Jon,Chastey,jchasteyis@gmpg.org,Male,146.140.142.127
678,Joelynn,Saffran,jsaffranit@paypal.com,Female,100.8.194.80
679,June,Delucia,jdeluciaiu@abc.net.au,Female,202.174.175.87
680,Rudolfo,Treweela,rtreweelaiv@phoca.cz,Male,27.7.57.185
681,Fleming,Ruby,frubyiw@google.fr,Male,34.134.167.205
682,Hadrian,Lotherington,hlotheringtonix@answers.com,Male,13.168.42.120
683,Bobina,Witherden,bwitherdeniy@sohu.com,Female,110.95.210.183
684,Aron,Attawell,aattawelliz@discuz.net,Bigender,42.205.186.122
685,Farr,MacKessock,fmackessockj0@aboutads.info,Male,136.160.230.191
686,Ezechiel,Shacklady,eshackladyj1@comsenz.com,Male,228.86.182.220
687,Barton,Gabbatiss,bgabbatissj2@google.it,Genderfluid,24.36.24.122
688,Johannah,Throughton,jthroughtonj3@scientificamerican.com,Female,117.43.243.45
689,Beilul,Ragge,braggej4@wsj.com,Female,207.72.227.7
690,Rozella,Wathey,rwatheyj5@dailymotion.com,Female,21.150.10.16
691,Frederico,Venney,fvenneyj6@slate.com,Male,53.244.79.178
692,Harper,Cator,hcatorj7@godaddy.com,Male,55.145.200.24
693,Georas,Blacksell,gblacksellj8@elegantthemes.com,Male,40.94.204.82
694,Taffy,Ledgeway,tledgewayj9@npr.org,Female,141.244.139.41
695,Janot,Ghelerdini,jghelerdinija@chicagotribune.com,Female,4.148.138.191
696,Katharyn,Merry,kmerryjb@acquirethisname.com,Female,63.172.248.127
697,Beilul,Trevillion,btrevillionjc@cargocollective.com,Female,55.114.200.247
698,Gratiana,McArthur,gmcarthurjd@amazon.de,Female,211.189.141.151
699,Nikolia,Boote,nbooteje@google.com,Female,92.180.218.10
700,Raddie,Clyne,rclynejf@jugem.jp,Male,2.23.161.213
701,Kandace,Largan,klarganjg@seesaa.net,Female,0.37.111.159
702,Vincenty,Phant,vphantjh@webnode.com,Male,32.137.7.19
703,Priscella,Sangar,psangarji@uol.com.br,Genderfluid,68.28.230.8
704,Rinaldo,Pechacek,rpechacekjj@statcounter.com,Male,180.206.168.221
705,Gaspar,Paty,gpatyjk@illinois.edu,Male,59.145.174.101
706,Marena,Ricks,mricksjl@ucla.edu,Female,4.180.161.253
707,Benoite,Whodcoat,bwhodcoatjm@loc.gov,Female,86.164.165.114
708,Josselyn,O' Driscoll,jodriscolljn@telegraph.co.uk,Female,232.189.168.98
709,Valentine,Peartree,vpeartreejo@t-online.de,Female,176.3.140.143
710,Alvina,Kelling,akellingjp@dell.com,Female,30.13.169.42
711,Willie,Tudhope,wtudhopejq@boston.com,Male,231.5.193.243
712,Andre,Carlow,acarlowjr@ihg.com,Male,228.133.18.103
713,Tony,Acosta,tacostajs@technorati.com,Male,21.1.151.4
714,Emmye,Braden,ebradenjt@amazon.com,Female,82.177.108.195
715,Ellis,Lyne,elyneju@tripod.com,Male,212.66.57.245
716,Kaitlynn,Moralee,kmoraleejv@gmpg.org,Female,192.236.4.229
717,Mechelle,Godly,mgodlyjw@bing.com,Female,229.87.57.201
718,Emmalyn,Cresser,ecresserjx@about.com,Female,10.24.217.17
719,Cornela,Bastian,cbastianjy@privacy.gov.au,Female,246.129.112.121
720,Jarret,Cowup,jcowupjz@sohu.com,Male,128.225.234.142
721,Curt,Klessmann,cklessmannk0@1688.com,Male,72.22.130.36
722,Ddene,Tink,dtinkk1@walmart.com,Female,203.242.176.181
723,Nikolai,Dodshun,ndodshunk2@zdnet.com,Male,171.2.110.148
724,Sheelah,Swalough,sswaloughk3@wix.com,Female,21.164.69.131
725,Augustus,Rubartelli,arubartellik4@com.com,Male,137.8.71.36
726,Mavis,Kernell,mkernellk5@seattletimes.com,Female,105.53.168.227
727,Milena,Stampfer,mstampferk6@de.vu,Bigender,164.147.76.243
728,Hailee,Bleesing,hbleesingk7@taobao.com,Female,227.150.231.28
729,Opalina,Plumer,oplumerk8@scribd.com,Female,138.200.250.11
730,Cary,Red,credk9@nba.com,Male,255.14.73.222
731,Hanny,Lafrentz,hlafrentzka@yellowbook.com,Female,252.12.236.216
732,Brant,Meigh,bmeighkb@meetup.com,Male,7.141.135.97
733,Curt,Starbeck,cstarbeckkc@kickstarter.com,Male,131.229.17.247
734,Brunhilda,Gyngyll,bgyngyllkd@de.vu,Female,173.53.69.100
735,Evey,Runsey,erunseyke@weibo.com,Female,241.117.133.230
736,Clara,Losemann,closemannkf@prnewswire.com,Female,8.247.109.230
737,Brant,Cumes,bcumeskg@china.com.cn,Male,48.149.167.41
738,Darcee,Harby,dharbykh@tripadvisor.com,Female,140.94.49.43
739,Anica,Fittes,afitteski@google.ru,Female,20.217.252.234
740,Florry,Atwool,fatwoolkj@jiathis.com,Female,20.228.29.72
741,Rory,Blamires,rblamireskk@t-online.de,Male,112.171.59.203
742,Freddy,Grogan,fgrogankl@google.it,Female,167.127.1.140
743,Geoffry,Storey,gstoreykm@yolasite.com,Male,157.69.133.56
744,Laurel,Dobsons,ldobsonskn@seesaa.net,Female,196.13.178.62
745,Daniele,Ealles,deallesko@unicef.org,Female,86.208.48.134
746,Andrea,Pisculli,apiscullikp@last.fm,Female,8.88.7.222
747,Victoir,Langwade,vlangwadekq@networksolutions.com,Male,130.212.15.233
748,Clemente,Leggan,cleggankr@deviantart.com,Bigender,14.50.53.129
749,Montgomery,Hayesman,mhayesmanks@constantcontact.com,Male,87.81.206.97
750,Maisie,Flooks,mflookskt@icq.com,Female,173.133.110.27
751,Timothy,Byrne,tbyrneku@people.com.cn,Male,39.29.235.30
752,Hillier,Dewdney,hdewdneykv@berkeley.edu,Male,221.236.157.234
753,Tammara,Lissandre,tlissandrekw@mail.ru,Female,5.234.243.202
754,Jone,Giacovelli,jgiacovellikx@joomla.org,Male,5.184.198.10
755,Linn,Griffitt,lgriffittky@nba.com,Male,253.114.72.190
756,Jeannine,Copes,jcopeskz@state.tx.us,Female,87.160.208.224
757,Tim,Oxtiby,toxtibyl0@indiegogo.com,Male,79.216.19.27
758,Cilka,Whate,cwhatel1@narod.ru,Female,65.118.220.223
759,Noell,Cradduck,ncradduckl2@paypal.com,Female,108.36.35.169
760,Vickie,Bonifacio,vbonifaciol3@ucoz.ru,Female,224.251.249.165
761,Neddie,Mateiko,nmateikol4@geocities.jp,Male,96.216.116.119
762,Mart,Gripton,mgriptonl5@bigcartel.com,Non-binary,150.216.90.32
763,Fedora,Cammis,fcammisl6@furl.net,Female,155.132.147.136
764,Davy,Tedorenko,dtedorenkol7@senate.gov,Male,248.2.140.198
765,Linn,Skeates,lskeatesl8@livejournal.com,Male,241.206.219.122
766,Sammy,Skivington,sskivingtonl9@t.co,Male,32.151.54.184
767,Emilia,Bellinger,ebellingerla@europa.eu,Female,171.251.106.91
768,Ax,Manueli,amanuelilb@csmonitor.com,Male,246.162.35.213
769,Lennard,Dumbarton,ldumbartonlc@mashable.com,Male,163.121.239.140
770,Ryley,Bannon,rbannonld@purevolume.com,Male,158.75.211.123
771,Agnola,Flaunders,aflaundersle@springer.com,Female,51.237.220.217
772,Edwin,Illem,eillemlf@newsvine.com,Male,140.253.192.75
773,Judi,Hakking,jhakkinglg@hud.gov,Female,37.123.222.178
774,Lyle,Leathe,lleathelh@engadget.com,Male,179.86.110.194
775,Smith,Foakes,sfoakesli@ezinearticles.com,Male,106.204.73.245
776,Fawne,Hounsom,fhounsomlj@epa.gov,Female,213.213.146.64
777,Grover,Gaddes,ggaddeslk@ustream.tv,Male,251.35.83.17
778,Kayla,Moscon,kmosconll@prlog.org,Female,81.68.133.129
779,Jeramie,Atte-Stone,jattestonelm@blogtalkradio.com,Male,151.237.171.172
780,Pennie,Brunelli,pbrunelliln@google.es,Female,131.161.88.83
781,Rusty,Ricardin,rricardinlo@dion.ne.jp,Male,60.129.76.102
782,Sibelle,Dumper,sdumperlp@hatena.ne.jp,Bigender,189.86.47.52
783,Archer,Blazejewski,ablazejewskilq@uol.com.br,Genderfluid,115.192.197.141
784,Esme,Rikel,erikellr@noaa.gov,Male,221.118.195.243
785,Bathsheba,Paybody,bpaybodyls@nba.com,Female,178.127.30.8
786,Minnie,Venes,mveneslt@tamu.edu,Female,171.144.109.94
787,Maribeth,Soame,msoamelu@tuttocitta.it,Female,248.251.126.148
788,Sal,Bithell,sbithelllv@aol.com,Male,56.115.183.175
789,Patrizius,Perello,pperellolw@pen.io,Male,78.101.85.62
790,Shanan,Bollon,sbollonlx@feedburner.com,Male,123.133.86.231
791,Doloritas,Tenbrug,dtenbrugly@bandcamp.com,Female,50.144.150.22
792,Anatole,Kleinberer,akleinbererlz@go.com,Male,242.75.154.2
793,Arielle,Burnhams,aburnhamsm0@imgur.com,Female,230.64.62.229
794,Buddie,Kirkup,bkirkupm1@ezinearticles.com,Male,133.238.215.207
795,Teressa,Iscowitz,tiscowitzm2@wp.com,Female,0.233.102.156
796,Ferdinand,Lidgely,flidgelym3@epa.gov,Male,103.103.9.197
797,Welsh,Lutsch,wlutschm4@cyberchimps.com,Male,109.39.110.231
798,Skelly,Issett,sissettm5@adobe.com,Male,134.10.234.163
799,Cicily,Alderton,caldertonm6@google.pl,Female,127.31.152.106
800,Nessa,Caisley,ncaisleym7@ihg.com,Female,219.125.168.171
801,Yulma,Buffy,ybuffym8@irs.gov,Polygender,218.185.116.192
802,Othella,Press,opressm9@macromedia.com,Female,161.150.130.70
803,Fonsie,Matyja,fmatyjama@marriott.com,Male,18.163.250.6
804,Delainey,Scrivenor,dscrivenormb@facebook.com,Genderqueer,152.67.225.150
805,Lacy,Leeburne,lleeburnemc@nymag.com,Female,64.228.151.151
806,Roseanna,Kleisle,rkleislemd@elegantthemes.com,Female,164.247.76.232
807,Joelie,Josofovitz,jjosofovitzme@cafepress.com,Bigender,250.217.211.185
808,Abdel,Eldershaw,aeldershawmf@hugedomains.com,Male,30.226.104.108
809,Jaquenette,Probate,jprobatemg@umn.edu,Female,21.194.95.235
810,Micky,Valder,mvaldermh@squidoo.com,Male,221.147.209.230
811,Bradley,Goady,bgoadymi@bbb.org,Male,196.164.179.160
812,Kile,McNeill,kmcneillmj@sitemeter.com,Male,27.255.56.125
813,Marja,Corryer,mcorryermk@newsvine.com,Female,164.57.2.235
814,Alphonse,Trawin,atrawinml@yellowbook.com,Male,39.29.165.218
815,Hadley,Henstridge,hhenstridgemm@goo.gl,Male,251.202.68.101
816,Vevay,Casina,vcasinamn@nymag.com,Female,184.132.241.137
817,Kalinda,Elloway,kellowaymo@friendfeed.com,Female,72.177.49.194
818,Milzie,Hateley,mhateleymp@edublogs.org,Female,65.174.195.220
819,Fairlie,Maryan,fmaryanmq@tiny.cc,Male,173.142.242.240
820,Gerianna,Webby,gwebbymr@bravesites.com,Female,45.178.238.58
821,Selinda,Cowing,scowingms@auda.org.au,Female,68.231.26.70
822,Seline,Cato,scatomt@aol.com,Female,175.23.10.249
823,Jewel,Goodram,jgoodrammu@vk.com,Female,135.205.90.58
824,Phelia,Cauthra,pcauthramv@ifeng.com,Female,40.43.172.236
825,Ianthe,Wilhelmy,iwilhelmymw@booking.com,Female,13.220.206.165
826,Madeline,McGonagle,mmcgonaglemx@google.co.jp,Female,187.214.57.235
827,Yettie,Fealy,yfealymy@marriott.com,Female,146.6.13.122
828,Sigvard,Sword,sswordmz@freewebs.com,Male,187.162.227.26
829,Anet,Wessel,awesseln0@unicef.org,Female,192.115.44.221
830,Walker,Gladwell,wgladwelln1@msu.edu,Male,190.186.106.180
831,Eden,Brodnecke,ebrodnecken2@fastcompany.com,Female,132.236.32.116
832,Kalie,Cady,kcadyn3@macromedia.com,Female,96.248.221.194
833,Oneida,Hoyes,ohoyesn4@businessweek.com,Female,167.164.72.202
834,Marcie,Cole,mcolen5@oaic.gov.au,Polygender,51.107.62.78
835,Alayne,Fitzroy,afitzroyn6@studiopress.com,Female,85.243.1.188
836,Crawford,Henrot,chenrotn7@sogou.com,Male,38.4.82.207
837,Jarad,Guise,jguisen8@163.com,Male,53.17.125.51
838,Erika,Goulbourne,egoulbournen9@networkadvertising.org,Female,120.107.64.148
839,Elberta,Breslau,ebreslauna@pinterest.com,Genderfluid,63.224.179.173
840,Ollie,Filyaev,ofilyaevnb@1und1.de,Male,15.144.168.239
841,Virgil,Olland,vollandnc@diigo.com,Agender,134.244.53.110
842,Cassi,Yurkin,cyurkinnd@msu.edu,Female,159.224.228.250
843,Jeremy,Dearsley,jdearsleyne@google.ru,Male,173.24.69.240
844,Britteny,Vasyanin,bvasyaninnf@1und1.de,Genderqueer,150.143.54.236
845,Timmie,Clucas,tclucasng@joomla.org,Bigender,83.99.162.46
846,Farrell,Lambdon,flambdonnh@jalbum.net,Male,231.98.16.45
847,Dov,Skyram,dskyramni@arizona.edu,Male,107.89.216.25
848,Korey,Veracruysse,kveracruyssenj@goo.gl,Male,171.11.235.89
849,Sorcha,Vause,svausenk@nba.com,Female,14.96.72.100
850,Loralie,Torvey,ltorveynl@hexun.com,Genderqueer,135.93.55.20
851,Nyssa,Ingleby,ninglebynm@bravesites.com,Female,219.168.84.227
852,Myrta,Miettinen,mmiettinennn@csmonitor.com,Female,213.72.248.243
853,Lloyd,Purrington,lpurringtonno@hp.com,Male,63.66.38.124
854,Yolane,Hicks,yhicksnp@google.it,Female,132.148.197.133
855,Christophe,Leatherborrow,cleatherborrownq@cafepress.com,Male,195.245.223.196
856,Kristian,Zaple,kzaplenr@foxnews.com,Male,121.91.116.86
857,Fritz,McCuffie,fmccuffiens@nbcnews.com,Male,240.167.50.245
858,Fawne,Nolin,fnolinnt@ebay.co.uk,Female,122.204.38.172
859,Edmon,Robatham,erobathamnu@posterous.com,Male,52.254.199.181
860,Bliss,Lippiett,blippiettnv@mail.ru,Female,117.228.18.218
861,Wittie,Gascoine,wgascoinenw@cornell.edu,Male,101.99.58.176
862,Steffie,McChesney,smcchesneynx@bloglovin.com,Female,165.248.148.136
863,Cathlene,Joanic,cjoanicny@soup.io,Genderqueer,250.28.225.38
864,Leonore,Jon,ljonnz@yahoo.com,Female,113.90.78.24
865,Leonhard,Fronks,lfronkso0@w3.org,Agender,177.84.113.188
866,Kathy,Sysland,ksyslando1@creativecommons.org,Female,110.123.243.82
867,Blisse,Aves,baveso2@ca.gov,Female,214.54.6.215
868,Fiona,Daintier,fdaintiero3@seattletimes.com,Female,196.251.153.77
869,Eberhard,Gannan,egannano4@dailymail.co.uk,Male,108.83.87.229
870,Salem,Caswell,scaswello5@slideshare.net,Male,229.69.29.200
871,Cornell,Kelleway,ckellewayo6@umich.edu,Male,139.154.73.229
872,Haroun,Saylor,hsayloro7@sakura.ne.jp,Male,71.153.134.64
873,Trudy,Langdridge,tlangdridgeo8@zdnet.com,Female,255.229.79.103
874,Sidnee,Stibbs,sstibbso9@sakura.ne.jp,Male,12.12.72.84
875,Merle,Childs,mchildsoa@yahoo.com,Female,204.218.91.168
876,Chrystel,Maplesden,cmaplesdenob@auda.org.au,Female,161.90.189.223
877,Way,Stevings,wstevingsoc@gnu.org,Male,217.145.101.201
878,Payton,Boughtwood,pboughtwoodod@moonfruit.com,Male,42.73.9.56
879,Christy,Maxsted,cmaxstedoe@fastcompany.com,Female,14.6.96.170
880,Hillyer,Dallaway,hdallawayof@nyu.edu,Male,240.150.123.26
881,Roderick,Carville,rcarvilleog@amazonaws.com,Male,37.48.101.180
882,Francene,Vannozzii,fvannozziioh@shareasale.com,Female,157.62.254.62
883,Gaylord,Filtness,gfiltnessoi@psu.edu,Male,157.81.10.84
884,Noble,Boughton,nboughtonoj@bloglovin.com,Male,93.185.98.107
885,Tyrus,Delleschi,tdelleschiok@storify.com,Male,58.194.188.168
886,Catherina,St Quenin,cstqueninol@mapquest.com,Female,243.188.19.24
887,Natasha,Tulloch,ntullochom@qq.com,Polygender,101.176.198.242
888,Joy,Perot,jperoton@wsj.com,Female,217.133.12.47
889,Clay,Junkison,cjunkisonoo@livejournal.com,Male,29.49.24.63
890,Anson,Blythin,ablythinop@umn.edu,Male,108.176.240.241
891,Kary,Jeff,kjeffoq@miibeian.gov.cn,Female,172.58.249.52
892,Sabrina,Proudley,sproudleyor@linkedin.com,Female,154.104.253.211
893,Frances,Unworth,funworthos@reddit.com,Female,221.179.79.132
894,Derby,Westmorland,dwestmorlandot@boston.com,Male,228.47.22.137
895,Lira,MacCrosson,lmaccrossonou@amazon.de,Female,57.19.30.98
896,Briana,Odell,bodellov@bing.com,Genderqueer,153.44.137.209
897,Winfred,Barribal,wbarribalow@ameblo.jp,Male,190.215.12.60
898,Paige,Fernehough,pfernehoughox@epa.gov,Female,105.48.71.102
899,Iona,Bragge,ibraggeoy@webeden.co.uk,Female,56.97.162.22
900,Alwin,Hanford,ahanfordoz@nymag.com,Male,188.9.197.136
901,Andrea,Piwall,apiwallp0@discuz.net,Male,1.165.34.107
902,Isadora,Fetherstonhaugh,ifetherstonhaughp1@edublogs.org,Female,86.81.103.213
903,Maurits,Allday,malldayp2@dyndns.org,Genderqueer,4.156.20.90
904,Nickola,Kemster,nkemsterp3@apache.org,Male,95.53.159.28
905,Domenic,Knowlden,dknowldenp4@google.pl,Male,63.174.214.159
906,Micaela,Mingay,mmingayp5@house.gov,Female,91.210.51.65
907,Amalea,Python,apythonp6@privacy.gov.au,Female,36.113.189.108
908,Stanislas,Alvar,salvarp7@stanford.edu,Male,150.196.27.233
909,Farleigh,Byng,fbyngp8@whitehouse.gov,Non-binary,35.1.41.0
910,Wald,Skuse,wskusep9@wikipedia.org,Genderfluid,19.254.111.156
911,Meryl,Sinnat,msinnatpa@businesswire.com,Male,149.45.52.145
912,Ramsay,Eustis,reustispb@fc2.com,Male,80.86.30.14
913,Duky,Klemt,dklemtpc@fc2.com,Male,183.154.198.128
914,Juliana,Cribbins,jcribbinspd@xrea.com,Female,20.191.209.69
915,Goldy,Bichard,gbichardpe@msu.edu,Female,40.26.238.24
916,Ermentrude,Bertolin,ebertolinpf@bbc.co.uk,Female,33.80.108.193
917,Lilyan,Pallister,lpallisterpg@tinypic.com,Female,219.247.75.237
918,Traver,Chivrall,tchivrallph@parallels.com,Male,163.159.231.10
919,Egan,Gobell,egobellpi@wp.com,Male,212.56.33.249
920,Joshua,Jeff,jjeffpj@go.com,Male,28.63.211.205
921,Yettie,Hug,yhugpk@deliciousdays.com,Female,106.106.203.86
922,Jacki,Watters,jwatterspl@nhs.uk,Genderfluid,35.190.255.56
923,Marie-ann,Sartin,msartinpm@rediff.com,Female,64.21.7.6
924,Papagena,Trengrove,ptrengrovepn@miibeian.gov.cn,Female,254.83.174.145
925,Tallie,Courteney,tcourteneypo@mayoclinic.com,Male,0.15.217.15
926,Kellen,Kings,kkingspp@arizona.edu,Female,199.50.7.116
927,Zachery,Friary,zfriarypq@nydailynews.com,Bigender,112.50.167.165
928,Delphine,Ruse,drusepr@imageshack.us,Female,175.10.130.241
929,Lela,Billows,lbillowsps@umn.edu,Female,143.2.212.175
930,Garth,Kornyakov,gkornyakovpt@e-recht24.de,Male,153.151.69.87
931,Andras,Sangwine,asangwinepu@craigslist.org,Male,251.6.3.15
932,Nathanael,Batcock,nbatcockpv@sciencedirect.com,Male,50.250.175.39
933,Cammie,Boutell,cboutellpw@archive.org,Female,117.244.155.114
934,Zack,Carville,zcarvillepx@symantec.com,Male,114.212.45.133
935,Llywellyn,Ceyssen,lceyssenpy@intel.com,Male,223.196.33.51
936,Karla,Dearden,kdeardenpz@google.es,Female,174.24.99.142
937,Roddie,McEllen,rmcellenq0@example.com,Male,7.204.34.53
938,Pauline,Reddish,preddishq1@vistaprint.com,Female,212.132.55.141
939,Jacynth,Drain,jdrainq2@github.io,Female,195.144.198.124
940,Griz,Webster,gwebsterq3@typepad.com,Male,251.226.233.51
941,Laurent,Demangeot,ldemangeotq4@geocities.com,Male,52.136.208.27
942,Elyse,Renfrew,erenfrewq5@psu.edu,Female,193.3.59.212
943,Maritsa,Polland,mpollandq6@flickr.com,Female,191.54.72.94
944,Constantia,Kingsworth,ckingsworthq7@vimeo.com,Female,49.101.211.188
945,Whitby,Fosserd,wfosserdq8@about.me,Male,81.102.250.206
946,Barbra,MacArd,bmacardq9@cam.ac.uk,Female,42.26.139.162
947,Sidonia,Demead,sdemeadqa@redcross.org,Female,20.178.58.21
948,Elston,Lyall,elyallqb@marriott.com,Male,247.214.44.178
949,Garnet,Dantesia,gdantesiaqc@utexas.edu,Female,150.151.125.144
950,Bob,Daine,bdaineqd@sciencedaily.com,Male,95.219.238.239
951,Perle,Pigdon,ppigdonqe@mail.ru,Female,125.111.127.35
952,Bond,Shaddock,bshaddockqf@accuweather.com,Male,103.80.99.84
953,Bentlee,Moscrop,bmoscropqg@weibo.com,Genderfluid,223.33.70.70
954,Heddie,Goodhay,hgoodhayqh@topsy.com,Female,93.84.33.177
955,Tilda,Roll,trollqi@webmd.com,Female,180.252.185.155
956,Rosemarie,Bexley,rbexleyqj@harvard.edu,Genderfluid,43.7.224.211
957,Melisent,How,mhowqk@networksolutions.com,Female,2.102.81.235
958,Jami,Iliff,jiliffql@hhs.gov,Female,150.180.116.206
959,Tabor,Alabone,talaboneqm@omniture.com,Male,13.219.205.15
960,Dallis,Kuhnhardt,dkuhnhardtqn@domainmarket.com,Male,237.204.35.27
961,Dareen,Bass,dbassqo@blogger.com,Female,231.27.179.216
962,Huntlee,Kleeman,hkleemanqp@wsj.com,Male,123.84.32.241
963,Michael,Cardenoza,mcardenozaqq@imageshack.us,Male,97.74.169.227
964,Blythe,Labone,blaboneqr@baidu.com,Female,18.248.113.204
965,Kathie,But,kbutqs@goo.ne.jp,Female,122.45.233.231
966,Aliza,Turnbull,aturnbullqt@timesonline.co.uk,Female,56.249.4.155
967,Jess,Scranney,jscranneyqu@seesaa.net,Non-binary,9.114.30.226
968,Jessica,Theodoris,jtheodorisqv@qq.com,Female,53.172.147.81
969,Kellsie,Desvignes,kdesvignesqw@java.com,Female,114.59.247.200
970,Iver,Fossord,ifossordqx@homestead.com,Male,154.158.84.113
971,Margaux,Quinnell,mquinnellqy@nyu.edu,Female,54.107.154.184
972,Issie,Clews,iclewsqz@amazon.de,Agender,123.230.180.38
973,Malachi,Skudder,mskudderr0@hud.gov,Male,47.252.182.189
974,Jone,Lavin,jlavinr1@nbcnews.com,Male,72.69.207.101
975,Ronald,Benion,rbenionr2@mayoclinic.com,Male,137.159.45.61
976,Crawford,Stein,csteinr3@usda.gov,Male,88.80.136.67
977,Gareth,Kik,gkikr4@twitter.com,Male,213.128.1.170
978,Farica,Duiged,fduigedr5@ted.com,Female,197.30.71.207
979,Rosana,Broadway,rbroadwayr6@nyu.edu,Female,34.38.172.39
980,Melanie,Wardrope,mwardroper7@purevolume.com,Female,70.96.121.32
981,Nydia,Dominighi,ndominighir8@sina.com.cn,Female,130.244.132.118
982,Katharine,Ponde,kponder9@army.mil,Polygender,124.91.232.235
983,Meir,Haslegrave,mhaslegravera@freewebs.com,Male,13.141.41.128
984,Jana,Kleinlerer,jkleinlererrb@shutterfly.com,Female,153.75.44.160
985,Nolan,Londesborough,nlondesboroughrc@webeden.co.uk,Male,252.249.197.201
986,Ag,Furzer,afurzerrd@ezinearticles.com,Non-binary,91.65.151.223
987,Elspeth,Mannin,emanninre@php.net,Female,97.76.81.91
988,Gonzales,Emmott,gemmottrf@woothemes.com,Male,11.36.39.153
989,Karalee,Ginglell,kginglellrg@theguardian.com,Female,69.65.255.145
990,Sarina,Hemstead,shemsteadrh@usa.gov,Female,84.67.34.92
991,Ford,Cariss,fcarissri@gov.uk,Male,4.244.250.22
992,Normy,Labbez,nlabbezrj@columbia.edu,Genderfluid,222.2.101.234
993,Heida,Josifovic,hjosifovicrk@theatlantic.com,Female,8.175.41.192
994,Peterus,Lamas,plamasrl@angelfire.com,Male,129.40.124.218
995,Ivan,Chester,ichesterrm@nytimes.com,Male,231.197.49.76
996,Christoffer,Blakeway,cblakewayrn@marketwatch.com,Male,124.64.160.33
997,Maddy,Pflieger,mpfliegerro@liveinternet.ru,Male,176.103.249.60
998,Onfroi,Corhard,ocorhardrp@weebly.com,Male,61.112.87.83
999,Georgy,Ranns,grannsrq@a8.net,Male,41.57.122.169
1000,Solomon,Vesque,svesquerr@hatena.ne.jp,Male,57.66.129.160
